{
  "3d_viewer": {
    "background_bottom": "rgb(102, 102, 128)",
    "background_top": "rgb(204, 204, 230)",
    "board": "rgba(51, 43, 23, 0.902)",
    "copper": "rgb(179, 156, 0)",
    "silkscreen_bottom": "rgb(230, 230, 230)",
    "silkscreen_top": "rgb(230, 230, 230)",
    "soldermask_bottom": "rgba(20, 51, 36, 0.831)",
    "soldermask_top": "rgba(20, 51, 36, 0.831)",
    "solderpaste": "rgb(128, 128, 128)",
    "use_board_stackup_colors": true
  },
  "board": {
    "anchor": "rgb(243, 255, 223)",
    "aux_items": "rgb(132, 132, 132)",
    "b_adhes": "rgb(0, 0, 132)",
    "b_crtyd": "rgba(67, 186, 216, 0.459)",
    "b_fab": "rgba(174, 129, 255, 0.565)",
    "b_mask": "rgba(174, 129, 255, 0.459)",
    "b_paste": "rgb(86, 28, 255)",
    "b_silks": "rgb(92, 202, 239)",
    "background": "rgb(0, 0, 0)",
    "cmts_user": "rgb(89, 148, 220)",
    "copper": {
      "b": "rgb(165, 127, 255)",
      "f": "rgb(245, 127, 0)",
      "in1": "rgb(127, 200, 127)",
      "in10": "rgb(237, 124, 51)",
      "in11": "rgb(91, 195, 235)",
      "in12": "rgb(247, 111, 142)",
      "in13": "rgb(167, 165, 198)",
      "in14": "rgb(40, 204, 217)",
      "in15": "rgb(232, 178, 167)",
      "in16": "rgb(242, 237, 161)",
      "in17": "rgb(237, 124, 51)",
      "in18": "rgb(91, 195, 235)",
      "in19": "rgb(247, 111, 142)",
      "in2": "rgb(206, 125, 44)",
      "in20": "rgb(167, 165, 198)",
      "in21": "rgb(40, 204, 217)",
      "in22": "rgb(232, 178, 167)",
      "in23": "rgb(242, 237, 161)",
      "in24": "rgb(237, 124, 51)",
      "in25": "rgb(91, 195, 235)",
      "in26": "rgb(247, 111, 142)",
      "in27": "rgb(167, 165, 198)",
      "in28": "rgb(40, 204, 217)",
      "in29": "rgb(232, 178, 167)",
      "in3": "rgb(79, 203, 203)",
      "in30": "rgb(242, 237, 161)",
      "in4": "rgb(219, 98, 139)",
      "in5": "rgb(167, 165, 198)",
      "in6": "rgb(40, 204, 217)",
      "in7": "rgb(232, 178, 167)",
      "in8": "rgb(242, 237, 161)",
      "in9": "rgb(141, 203, 129)"
    },
    "cursor": "rgb(255, 255, 255)",
    "drc_error": "rgb(248, 42, 93)",
    "drc_exclusion": "rgba(255, 255, 255, 0.800)",
    "drc_warning": "rgba(255, 208, 66, 0.800)",
    "dwgs_user": "rgb(194, 194, 194)",
    "eco1_user": "rgb(255, 255, 255)",
    "eco2_user": "rgb(143, 143, 143)",
    "edge_cuts": "rgb(255, 255, 255)",
    "f_adhes": "rgb(132, 0, 132)",
    "f_crtyd": "rgb(119, 62, 0)",
    "f_fab": "rgba(253, 151, 31, 0.565)",
    "f_mask": "rgba(253, 151, 31, 0.459)",
    "f_paste": "rgb(253, 63, 4)",
    "f_silks": "rgb(231, 220, 96)",
    "footprint_text_invisible": "rgb(132, 132, 132)",
    "grid": "rgb(132, 132, 132)",
    "grid_axes": "rgb(194, 194, 194)",
    "margin": "rgb(255, 255, 255)",
    "no_connect": "rgb(0, 0, 132)",
    "pad_plated_hole": "rgb(194, 194, 0)",
    "pad_through_hole": "rgb(255, 38, 226)",
    "plated_hole": "rgb(101, 101, 101)",
    "ratsnest": "rgba(245, 255, 213, 0.702)",
    "user_1": "rgb(194, 194, 194)",
    "user_2": "rgb(89, 148, 220)",
    "user_3": "rgb(180, 219, 210)",
    "user_4": "rgb(216, 200, 82)",
    "user_5": "rgb(194, 194, 194)",
    "user_6": "rgb(89, 148, 220)",
    "user_7": "rgb(180, 219, 210)",
    "user_8": "rgb(216, 200, 82)",
    "user_9": "rgb(232, 178, 167)",
    "via_blind_buried": "rgb(187, 151, 38)",
    "via_hole": "rgb(243, 243, 243)",
    "via_micro": "rgb(0, 132, 132)",
    "via_through": "rgb(255, 38, 226)",
    "worksheet": "rgb(255, 255, 255)"
  },
  "gerbview": {
    "axes": "rgb(0, 0, 132)",
    "background": "rgb(0, 0, 0)",
    "dcodes": "rgb(255, 255, 255)",
    "grid": "rgb(132, 132, 132)",
    "layers": [
      "rgb(200, 52, 52)",
      "rgb(127, 200, 127)",
      "rgb(206, 125, 44)",
      "rgb(79, 203, 203)",
      "rgb(219, 98, 139)",
      "rgb(167, 165, 198)",
      "rgb(40, 204, 217)",
      "rgb(232, 178, 167)",
      "rgb(242, 237, 161)",
      "rgb(141, 203, 129)",
      "rgb(237, 124, 51)",
      "rgb(91, 195, 235)",
      "rgb(247, 111, 142)",
      "rgb(77, 127, 196)",
      "rgb(200, 52, 52)",
      "rgb(127, 200, 127)",
      "rgb(206, 125, 44)",
      "rgb(79, 203, 203)",
      "rgb(219, 98, 139)",
      "rgb(167, 165, 198)",
      "rgb(40, 204, 217)",
      "rgb(232, 178, 167)",
      "rgb(242, 237, 161)",
      "rgb(141, 203, 129)",
      "rgb(237, 124, 51)",
      "rgb(91, 195, 235)",
      "rgb(247, 111, 142)",
      "rgb(77, 127, 196)",
      "rgb(200, 52, 52)",
      "rgb(127, 200, 127)",
      "rgb(206, 125, 44)",
      "rgb(79, 203, 203)",
      "rgb(219, 98, 139)",
      "rgb(167, 165, 198)",
      "rgb(40, 204, 217)",
      "rgb(232, 178, 167)",
      "rgb(242, 237, 161)",
      "rgb(141, 203, 129)",
      "rgb(237, 124, 51)",
      "rgb(91, 195, 235)",
      "rgb(247, 111, 142)",
      "rgb(77, 127, 196)",
      "rgb(200, 52, 52)",
      "rgb(127, 200, 127)",
      "rgb(206, 125, 44)",
      "rgb(79, 203, 203)",
      "rgb(219, 98, 139)",
      "rgb(167, 165, 198)",
      "rgb(40, 204, 217)",
      "rgb(232, 178, 167)",
      "rgb(242, 237, 161)",
      "rgb(141, 203, 129)",
      "rgb(237, 124, 51)",
      "rgb(91, 195, 235)",
      "rgb(247, 111, 142)",
      "rgb(77, 127, 196)",
      "rgb(200, 52, 52)",
      "rgb(127, 200, 127)",
      "rgb(206, 125, 44)",
      "rgb(79, 203, 203)"
    ],
    "negative_objects": "rgb(132, 132, 132)",
    "worksheet": "rgb(0, 0, 132)"
  },
  "meta": {
    "name": "Monokai High Contrast",
    "version": 3
  },
  "palette": [
    "rgb(200, 52, 52)",
    "rgb(127, 200, 127)",
    "rgb(206, 125, 44)",
    "rgb(79, 203, 203)",
    "rgb(219, 98, 139)",
    "rgb(167, 165, 198)",
    "rgb(40, 204, 217)",
    "rgb(232, 178, 167)",
    "rgb(242, 237, 161)",
    "rgb(141, 203, 129)",
    "rgb(237, 124, 51)",
    "rgb(91, 195, 235)",
    "rgb(247, 111, 142)",
    "rgb(77, 127, 196)"
  ],
  "schematic": {
    "anchor": "rgb(252, 252, 252)",
    "aux_items": "rgb(84, 84, 84)",
    "background": "rgb(0, 0, 0)",
    "brightened": "rgb(204, 204, 204)",
    "bus": "rgb(166, 226, 46)",
    "bus_junction": "rgb(166, 226, 46)",
    "component_body": "rgb(34, 34, 34)",
    "component_outline": "rgb(230, 219, 116)",
    "cursor": "rgb(224, 224, 224)",
    "erc_error": "rgba(249, 38, 114, 0.800)",
    "erc_warning": "rgba(192, 140, 0, 0.800)",
    "fields": "rgb(128, 0, 160)",
    "grid": "rgb(60, 60, 60)",
    "grid_axes": "rgb(60, 60, 60)",
    "hidden": "rgb(194, 194, 194)",
    "junction": "rgb(166, 226, 46)",
    "label_global": "rgb(252, 252, 252)",
    "label_hier": "rgb(174, 129, 255)",
    "label_local": "rgb(230, 219, 116)",
    "no_connect": "rgb(166, 226, 46)",
    "note": "rgb(102, 217, 239)",
    "override_item_colors": false,
    "pin": "rgb(230, 219, 116)",
    "pin_name": "rgb(252, 252, 252)",
    "pin_number": "rgb(252, 252, 252)",
    "reference": "rgb(252, 252, 252)",
    "shadow": "rgba(102, 179, 255, 0.800)",
    "sheet": "rgb(245, 127, 0)",
    "sheet_background": "rgba(255, 255, 255, 0.000)",
    "sheet_fields": "rgb(252, 252, 252)",
    "sheet_filename": "rgb(245, 127, 0)",
    "sheet_label": "rgb(252, 252, 252)",
    "sheet_name": "rgb(245, 127, 0)",
    "value": "rgb(252, 252, 252)",
    "wire": "rgb(166, 226, 46)",
    "worksheet": "rgb(143, 143, 143)"
  }
}
